{"cameraMode":{"drawMode":0,"name":"Shaded","section":"Shading Mode"},"sceneLighting":true,"audioPlay":false,"sceneViewState":{"showFog":true,"showMaterialUpdate":false,"showSkybox":true,"showFlares":true,"showImageEffects":true,"showParticleSystems":true},"in2DMode":false,"pivot":{"x":11.686089515686036,"y":-1.608606219291687,"z":-3.325979709625244},"rotation":{"x":-0.06741046160459519,"y":-0.8213874697685242,"z":0.09930036962032318,"w":-0.5576027631759644},"size":10.0,"orthographic":false}