{"cameraMode":{"drawMode":0,"name":"Shaded","section":"Shading Mode"},"sceneLighting":true,"audioPlay":false,"sceneViewState":{"showFog":true,"showMaterialUpdate":false,"showSkybox":true,"showFlares":true,"showImageEffects":true,"showParticleSystems":true},"in2DMode":false,"pivot":{"x":-1.2493852376937867,"y":-2.6907711029052736,"z":2.1182878017425539},"rotation":{"x":-0.26825597882270815,"y":0.7129101157188416,"z":-0.35126763582229617,"w":-0.5444350838661194},"size":6.903377056121826,"orthographic":false}