{"cameraMode":{"drawMode":0,"name":"Shaded","section":"Shading Mode"},"sceneLighting":false,"audioPlay":false,"sceneViewState":{"showFog":false,"showMaterialUpdate":false,"showSkybox":false,"showFlares":false,"showImageEffects":false,"showParticleSystems":false},"in2DMode":false,"pivot":{"x":-7.891971111297607,"y":-5.299149513244629,"z":-7.686586380004883},"rotation":{"x":-0.12221425771713257,"y":0.8608673810958862,"z":-0.24552692472934724,"w":-0.4286777377128601},"size":28.63089370727539,"orthographic":false}