{"cameraMode":{"drawMode":0,"name":"Shaded","section":"Shading Mode"},"sceneLighting":false,"audioPlay":false,"sceneViewState":{"showFog":false,"showMaterialUpdate":false,"showSkybox":false,"showFlares":false,"showImageEffects":false,"showParticleSystems":false},"in2DMode":false,"pivot":{"x":0.0,"y":1.3796625137329102,"z":0.030526161193847657},"rotation":{"x":0.006538039539009333,"y":-0.9485540986061096,"z":-0.019627999514341356,"w":-0.3160145580768585},"size":16.569673538208009,"orthographic":false}