{"cameraMode":{"drawMode":0,"name":"Shaded","section":"Shading Mode"},"sceneLighting":false,"audioPlay":false,"sceneViewState":{"showFog":false,"showMaterialUpdate":false,"showSkybox":false,"showFlares":false,"showImageEffects":false,"showParticleSystems":false},"in2DMode":false,"pivot":{"x":-8.853119850158692,"y":-1.0158500671386719,"z":0.5803914666175842},"rotation":{"x":-0.11943107843399048,"y":0.6718957424163818,"z":-0.11105241626501084,"w":-0.7225233912467957},"size":11.564126014709473,"orthographic":false}