{"cameraMode":{"drawMode":0,"name":"Shaded","section":"Shading Mode"},"sceneLighting":false,"audioPlay":false,"sceneViewState":{"showFog":false,"showMaterialUpdate":false,"showSkybox":false,"showFlares":false,"showImageEffects":false,"showParticleSystems":false},"in2DMode":false,"pivot":{"x":-1.085811734199524,"y":4.846960067749023,"z":-0.13369488716125489},"rotation":{"x":-0.31065407395362856,"y":0.30763697624206545,"z":-0.10710456222295761,"w":-0.892994225025177},"size":3.935213565826416,"orthographic":false}