{"cameraMode":{"drawMode":0,"name":"Shaded","section":"Shading Mode"},"sceneLighting":false,"audioPlay":false,"sceneViewState":{"showFog":false,"showMaterialUpdate":false,"showSkybox":false,"showFlares":false,"showImageEffects":false,"showParticleSystems":false},"in2DMode":false,"pivot":{"x":-12.943406105041504,"y":-1.1652013063430787,"z":-22.862016677856447},"rotation":{"x":-0.01024393830448389,"y":0.9646430611610413,"z":-0.03794418275356293,"w":-0.26075536012649538},"size":36.548072814941409,"orthographic":false}