{"cameraMode":{"drawMode":0,"name":"Shaded","section":"Shading Mode"},"sceneLighting":false,"audioPlay":false,"sceneViewState":{"showFog":false,"showMaterialUpdate":false,"showSkybox":false,"showFlares":false,"showImageEffects":false,"showParticleSystems":false},"in2DMode":false,"pivot":{"x":0.9657961130142212,"y":1.6730287075042725,"z":6.732449054718018},"rotation":{"x":-0.09546392410993576,"y":0.8442891240119934,"z":-0.16045671701431275,"w":-0.5023111701011658},"size":22.0,"orthographic":false}