{"cameraMode":{"drawMode":0,"name":"Shaded","section":"Shading Mode"},"sceneLighting":false,"audioPlay":false,"sceneViewState":{"showFog":false,"showMaterialUpdate":false,"showSkybox":false,"showFlares":false,"showImageEffects":false,"showParticleSystems":false},"in2DMode":false,"pivot":{"x":0.7086092829704285,"y":0.3861704170703888,"z":1.963649034500122},"rotation":{"x":-0.2949243485927582,"y":-0.11972255259752274,"z":0.03722354397177696,"w":-0.9473085403442383},"size":3.6720783710479738,"orthographic":false}