{"cameraMode":{"drawMode":0,"name":"Shaded","section":"Shading Mode"},"sceneLighting":false,"audioPlay":false,"sceneViewState":{"showFog":false,"showMaterialUpdate":false,"showSkybox":false,"showFlares":false,"showImageEffects":false,"showParticleSystems":false},"in2DMode":false,"pivot":{"x":6.361627578735352,"y":0.9062613844871521,"z":2.4606637954711916},"rotation":{"x":0.07975662499666214,"y":0.4160153269767761,"z":-0.036680154502391818,"w":0.9051500558853149},"size":4.590240955352783,"orthographic":false}