{"cameraMode":{"drawMode":0,"name":"Shaded","section":"Shading Mode"},"sceneLighting":false,"audioPlay":false,"sceneViewState":{"showFog":false,"showMaterialUpdate":false,"showSkybox":false,"showFlares":false,"showImageEffects":false,"showParticleSystems":false},"in2DMode":false,"pivot":{"x":5.960464477539063e-8,"y":0.10000000149011612,"z":-0.017152011394500734},"rotation":{"x":-0.4897947609424591,"y":0.5095821022987366,"z":-0.48221635818481448,"w":-0.5175979733467102},"size":2.5024497509002687,"orthographic":false}