{"cameraMode":{"drawMode":0,"name":"Shaded","section":"Shading Mode"},"sceneLighting":false,"audioPlay":false,"sceneViewState":{"showFog":false,"showMaterialUpdate":false,"showSkybox":false,"showFlares":false,"showImageEffects":false,"showParticleSystems":false},"in2DMode":false,"pivot":{"x":-0.12783926725387574,"y":0.2518172860145569,"z":0.07949987053871155},"rotation":{"x":-0.5192186236381531,"y":0.4805167019367218,"z":-0.5111854672431946,"w":-0.48807647824287417},"size":3.101865768432617,"orthographic":false}