{"cameraMode":{"drawMode":0,"name":"Shaded","section":"Shading Mode"},"sceneLighting":false,"audioPlay":false,"sceneViewState":{"showFog":false,"showMaterialUpdate":false,"showSkybox":false,"showFlares":false,"showImageEffects":false,"showParticleSystems":false},"in2DMode":false,"pivot":{"x":0.010320663452148438,"y":1.2592277526855469,"z":0.0},"rotation":{"x":0.18487344682216645,"y":-0.0615648590028286,"z":0.011610954068601132,"w":0.9807834625244141},"size":6.76860237121582,"orthographic":false}