{"cameraMode":{"drawMode":0,"name":"Shaded","section":"Shading Mode"},"sceneLighting":false,"audioPlay":false,"sceneViewState":{"showFog":false,"showMaterialUpdate":false,"showSkybox":false,"showFlares":false,"showImageEffects":false,"showParticleSystems":false},"in2DMode":false,"pivot":{"x":7.124695301055908,"y":-6.155157566070557,"z":17.50452423095703},"rotation":{"x":0.20301717519760133,"y":0.06573496013879776,"z":-0.013673041015863419,"w":0.9769264459609985},"size":20.683460235595704,"orthographic":false}