{"cameraMode":{"drawMode":0,"name":"Shaded","section":"Shading Mode"},"sceneLighting":false,"audioPlay":false,"sceneViewState":{"showFog":false,"showMaterialUpdate":false,"showSkybox":false,"showFlares":false,"showImageEffects":false,"showParticleSystems":false},"in2DMode":false,"pivot":{"x":-0.7845714092254639,"y":-8.93679428100586,"z":12.714807510375977},"rotation":{"x":-0.3157280385494232,"y":0.021913833916187288,"z":-0.007293157745152712,"w":-0.9485796689987183},"size":4.126720905303955,"orthographic":false}