{"cameraMode":{"drawMode":0,"name":"Shaded","section":"Shading Mode"},"sceneLighting":true,"audioPlay":false,"sceneViewState":{"showFog":false,"showMaterialUpdate":false,"showSkybox":false,"showFlares":false,"showImageEffects":false,"showParticleSystems":false},"in2DMode":false,"pivot":{"x":0.6963070631027222,"y":-0.04581122100353241,"z":2.503174304962158},"rotation":{"x":-0.07749386131763458,"y":-0.13685794174671174,"z":0.010730970650911332,"w":-0.9875302314758301},"size":4.711729049682617,"orthographic":false}