{"cameraMode":{"drawMode":0,"name":"Shaded","section":"Shading Mode"},"sceneLighting":false,"audioPlay":false,"sceneViewState":{"showFog":false,"showMaterialUpdate":false,"showSkybox":false,"showFlares":false,"showImageEffects":false,"showParticleSystems":false},"in2DMode":false,"pivot":{"x":5.253412246704102,"y":-0.6780745983123779,"z":1.5748836994171143},"rotation":{"x":-0.17555558681488038,"y":-0.5621102452278137,"z":0.12348823249340058,"w":-0.7987774014472961},"size":9.556233406066895,"orthographic":false}