{"cameraMode":{"drawMode":0,"name":"Shaded","section":"Shading Mode"},"sceneLighting":false,"audioPlay":false,"sceneViewState":{"showFog":false,"showMaterialUpdate":false,"showSkybox":false,"showFlares":false,"showImageEffects":false,"showParticleSystems":false},"in2DMode":false,"pivot":{"x":6.0459489822387699,"y":2.068058967590332,"z":-0.846816897392273},"rotation":{"x":-0.15184186398983003,"y":0.6922045946121216,"z":-0.15250515937805177,"w":-0.6889082789421082},"size":0.9902412295341492,"orthographic":false}