{"cameraMode":{"drawMode":0,"name":"Shaded","section":"Shading Mode"},"sceneLighting":false,"audioPlay":false,"sceneViewState":{"showFog":false,"showMaterialUpdate":false,"showSkybox":false,"showFlares":false,"showImageEffects":false,"showParticleSystems":false},"in2DMode":false,"pivot":{"x":0.17706990242004395,"y":1.840600609779358,"z":0.3221096992492676},"rotation":{"x":0.31429287791252139,"y":-0.0239043477922678,"z":0.007928929291665554,"w":0.9490166902542114},"size":7.381999492645264,"orthographic":false}