{"cameraMode":{"drawMode":0,"name":"Shaded","section":"Shading Mode"},"sceneLighting":false,"audioPlay":false,"sceneViewState":{"showFog":false,"showMaterialUpdate":false,"showSkybox":false,"showFlares":false,"showImageEffects":false,"showParticleSystems":false},"in2DMode":false,"pivot":{"x":4.335712909698486,"y":3.4561450481414797,"z":-0.1130419373512268},"rotation":{"x":-0.19381606578826905,"y":-0.638749361038208,"z":0.17081762850284577,"w":-0.7247570157051086},"size":20.373388290405275,"orthographic":false}