{"cameraMode":{"drawMode":0,"name":"Shaded","section":"Shading Mode"},"sceneLighting":false,"audioPlay":false,"sceneViewState":{"showFog":false,"showMaterialUpdate":false,"showSkybox":false,"showFlares":false,"showImageEffects":false,"showParticleSystems":false},"in2DMode":false,"pivot":{"x":0.19220586121082307,"y":1.1319141387939454,"z":-1.573133111000061},"rotation":{"x":0.0006932137184776366,"y":0.9892028570175171,"z":-0.14678384363651277,"w":0.004447482526302338},"size":4.183687210083008,"orthographic":false}