{"cameraMode":{"drawMode":0,"name":"Shaded","section":"Shading Mode"},"sceneLighting":false,"audioPlay":false,"sceneViewState":{"showFog":false,"showMaterialUpdate":false,"showSkybox":false,"showFlares":false,"showImageEffects":false,"showParticleSystems":false},"in2DMode":false,"pivot":{"x":0.44300001859664919,"y":0.32099997997283938,"z":0.3595038056373596},"rotation":{"x":0.31118011474609377,"y":-0.04559868574142456,"z":0.014952762052416802,"w":0.9491479992866516},"size":2.3248443603515627,"orthographic":false}