{"cameraMode":{"drawMode":0,"name":"Shaded","section":"Shading Mode"},"sceneLighting":false,"audioPlay":false,"sceneViewState":{"showFog":false,"showMaterialUpdate":false,"showSkybox":false,"showFlares":false,"showImageEffects":false,"showParticleSystems":false},"in2DMode":false,"pivot":{"x":0.3599512577056885,"y":-3.78334379196167,"z":5.918338775634766},"rotation":{"x":0.2751724123954773,"y":0.05937723070383072,"z":-0.017029790207743646,"w":0.959430456161499},"size":10.490460395812989,"orthographic":false}