{"cameraMode":{"drawMode":0,"name":"Shaded","section":"Shading Mode"},"sceneLighting":false,"audioPlay":false,"sceneViewState":{"showFog":false,"showMaterialUpdate":false,"showSkybox":false,"showFlares":false,"showImageEffects":false,"showParticleSystems":false},"in2DMode":false,"pivot":{"x":0.0030297040939331056,"y":-0.7156432867050171,"z":-0.18405532836914063},"rotation":{"x":0.07803904265165329,"y":-0.9119296073913574,"z":0.2052636444568634,"w":0.3466923236846924},"size":1.4392788410186768,"orthographic":false}