{"cameraMode":{"drawMode":0,"name":"Shaded","section":"Shading Mode"},"sceneLighting":false,"audioPlay":false,"sceneViewState":{"showFog":false,"showMaterialUpdate":false,"showSkybox":false,"showFlares":false,"showImageEffects":false,"showParticleSystems":false},"in2DMode":false,"pivot":{"x":2.5199999809265138,"y":1.1510000228881837,"z":25.426836013793947},"rotation":{"x":-0.032683804631233218,"y":-0.009000686928629876,"z":-0.0002881209657061845,"w":0.9994350075721741},"size":79.63674926757813,"orthographic":false}