{"cameraMode":{"drawMode":0,"name":"Shaded","section":"Shading Mode"},"sceneLighting":true,"audioPlay":false,"sceneViewState":{"showFog":false,"showMaterialUpdate":false,"showSkybox":false,"showFlares":false,"showImageEffects":false,"showParticleSystems":false},"in2DMode":false,"pivot":{"x":9.607244491577149,"y":-0.8156332969665527,"z":-4.802643775939941},"rotation":{"x":0.058632928878068927,"y":0.8754289746284485,"z":-0.10982213169336319,"w":0.4671476483345032},"size":15.869501113891602,"orthographic":false}