{"cameraMode":{"drawMode":0,"name":"Shaded","section":"Shading Mode"},"sceneLighting":false,"audioPlay":false,"sceneViewState":{"showFog":false,"showMaterialUpdate":false,"showSkybox":false,"showFlares":false,"showImageEffects":false,"showParticleSystems":false},"in2DMode":false,"pivot":{"x":-0.11594066768884659,"y":-2.435495376586914,"z":-5.348785877227783},"rotation":{"x":0.0008296541636809707,"y":0.9707870483398438,"z":-0.24003638327121736,"w":0.003513558069244027},"size":8.516292572021485,"orthographic":false}