{"cameraMode":{"drawMode":0,"name":"Shaded","section":"Shading Mode"},"sceneLighting":false,"audioPlay":false,"sceneViewState":{"showFog":false,"showMaterialUpdate":false,"showSkybox":false,"showFlares":false,"showImageEffects":false,"showParticleSystems":false},"in2DMode":false,"pivot":{"x":-0.5296850800514221,"y":0.60072922706604,"z":1.6100106239318848},"rotation":{"x":0.26080453395843508,"y":-0.056133657693862918,"z":0.015216249041259289,"w":0.9636597037315369},"size":5.007735252380371,"orthographic":false}