{"cameraMode":{"drawMode":0,"name":"Shaded","section":"Shading Mode"},"sceneLighting":false,"audioPlay":false,"sceneViewState":{"showFog":false,"showMaterialUpdate":false,"showSkybox":false,"showFlares":false,"showImageEffects":false,"showParticleSystems":false},"in2DMode":false,"pivot":{"x":-0.5115999579429627,"y":0.15600000321865083,"z":1.1679999828338624},"rotation":{"x":-0.2028612345457077,"y":-0.018493685871362687,"z":0.003923633601516485,"w":-0.9790694117546082},"size":1.8902409076690674,"orthographic":false}