{"cameraMode":{"drawMode":0,"name":"Shaded","section":"Shading Mode"},"sceneLighting":false,"audioPlay":false,"sceneViewState":{"showFog":false,"showMaterialUpdate":false,"showSkybox":false,"showFlares":false,"showImageEffects":false,"showParticleSystems":false},"in2DMode":false,"pivot":{"x":0.04796341061592102,"y":-0.554417610168457,"z":-0.13609719276428224},"rotation":{"x":0.5041117072105408,"y":-0.49421364068984988,"z":0.47104308009147646,"w":0.5289086699485779},"size":2.460129976272583,"orthographic":false}