{"cameraMode":{"drawMode":0,"name":"Shaded","section":"Shading Mode"},"sceneLighting":false,"audioPlay":false,"sceneViewState":{"showFog":false,"showMaterialUpdate":false,"showSkybox":false,"showFlares":false,"showImageEffects":false,"showParticleSystems":false},"in2DMode":false,"pivot":{"x":5.960464477539063e-8,"y":0.030000001192092897,"z":-0.03477999567985535},"rotation":{"x":-0.5192186236381531,"y":0.4805167019367218,"z":-0.5111854672431946,"w":-0.48807647824287417},"size":2.4802517890930177,"orthographic":false}