{"cameraMode":{"drawMode":0,"name":"Shaded","section":"Shading Mode"},"sceneLighting":false,"audioPlay":false,"sceneViewState":{"showFog":false,"showMaterialUpdate":false,"showSkybox":false,"showFlares":false,"showImageEffects":false,"showParticleSystems":false},"in2DMode":false,"pivot":{"x":1.7370895147323609,"y":1.022670030593872,"z":-4.4825544357299809},"rotation":{"x":-0.001503606210462749,"y":-0.9951821565628052,"z":0.015826230868697168,"w":-0.09704012423753739},"size":8.695962905883789,"orthographic":false}