{"cameraMode":{"drawMode":0,"name":"Shaded","section":"Shading Mode"},"sceneLighting":false,"audioPlay":false,"sceneViewState":{"showFog":false,"showMaterialUpdate":false,"showSkybox":false,"showFlares":false,"showImageEffects":false,"showParticleSystems":false},"in2DMode":false,"pivot":{"x":0.37194716930389407,"y":0.48837268352508547,"z":-0.33279669284820559},"rotation":{"x":-0.06318649649620056,"y":-0.9358136653900147,"z":0.22189708054065705,"w":-0.2665950357913971},"size":2.2522315979003908,"orthographic":false}