{"cameraMode":{"drawMode":0,"name":"Shaded","section":"Shading Mode"},"sceneLighting":false,"audioPlay":false,"sceneViewState":{"showFog":false,"showMaterialUpdate":false,"showSkybox":false,"showFlares":false,"showImageEffects":false,"showParticleSystems":false},"in2DMode":false,"pivot":{"x":-0.009425155818462372,"y":0.46580564975738528,"z":-0.053619176149368289},"rotation":{"x":-0.5192186236381531,"y":0.4805167019367218,"z":-0.5111854672431946,"w":-0.48807647824287417},"size":1.5601301193237305,"orthographic":false}