{"cameraMode":{"drawMode":0,"name":"Shaded","section":"Shading Mode"},"sceneLighting":true,"audioPlay":false,"sceneViewState":{"showFog":false,"showMaterialUpdate":false,"showSkybox":false,"showFlares":false,"showImageEffects":false,"showParticleSystems":false},"in2DMode":false,"pivot":{"x":-0.20532149076461793,"y":0.8538472652435303,"z":0.49688419699668887},"rotation":{"x":-0.2036546766757965,"y":-0.08155298978090286,"z":0.01700586825609207,"w":-0.9755099415779114},"size":3.0174202919006349,"orthographic":false}