{"cameraMode":{"drawMode":0,"name":"Shaded","section":"Shading Mode"},"sceneLighting":false,"audioPlay":false,"sceneViewState":{"showFog":false,"showMaterialUpdate":false,"showSkybox":false,"showFlares":false,"showImageEffects":false,"showParticleSystems":false},"in2DMode":false,"pivot":{"x":5.960464477539063e-8,"y":0.002499997615814209,"z":0.017432108521461488},"rotation":{"x":-0.5192186236381531,"y":0.4805167019367218,"z":-0.5111854672431946,"w":-0.48807647824287417},"size":1.5227632522583008,"orthographic":false}