{"cameraMode":{"drawMode":0,"name":"Shaded","section":"Shading Mode"},"sceneLighting":false,"audioPlay":false,"sceneViewState":{"showFog":false,"showMaterialUpdate":false,"showSkybox":false,"showFlares":false,"showImageEffects":false,"showParticleSystems":false},"in2DMode":false,"pivot":{"x":5.153334140777588,"y":0.7297887206077576,"z":1.5693047046661378},"rotation":{"x":-0.0063536339439451698,"y":-0.9708554744720459,"z":-0.025919698178768159,"w":0.23820893466472627},"size":0.9987553954124451,"orthographic":false}