{"cameraMode":{"drawMode":0,"name":"Shaded","section":"Shading Mode"},"sceneLighting":false,"audioPlay":false,"sceneViewState":{"showFog":false,"showMaterialUpdate":false,"showSkybox":false,"showFlares":false,"showImageEffects":false,"showParticleSystems":false},"in2DMode":false,"pivot":{"x":0.8601995706558228,"y":0.4973909556865692,"z":0.07869866490364075},"rotation":{"x":-0.2918613851070404,"y":0.6415985226631165,"z":-0.28906676173210146,"w":-0.647784411907196},"size":0.5772367715835571,"orthographic":false}