{"cameraMode":{"drawMode":0,"name":"Shaded","section":"Shading Mode"},"sceneLighting":false,"audioPlay":false,"sceneViewState":{"showFog":true,"showMaterialUpdate":true,"showSkybox":true,"showFlares":true,"showImageEffects":true,"showParticleSystems":true},"in2DMode":false,"pivot":{"x":0.23804175853729249,"y":0.048076629638671878,"z":-0.040790557861328128},"rotation":{"x":-0.10195624828338623,"y":0.8937790393829346,"z":-0.2592465281486511,"w":-0.35150474309921267},"size":1.883516550064087,"orthographic":false}