{"cameraMode":{"drawMode":0,"name":"Shaded","section":"Shading Mode"},"sceneLighting":false,"audioPlay":false,"sceneViewState":{"showFog":false,"showMaterialUpdate":false,"showSkybox":false,"showFlares":false,"showImageEffects":false,"showParticleSystems":false},"in2DMode":false,"pivot":{"x":-0.24498969316482545,"y":-0.7966947555541992,"z":-5.811054706573486},"rotation":{"x":0.004134658258408308,"y":-0.9883522987365723,"z":0.14968834817409516,"w":0.027292244136333467},"size":8.863518714904786,"orthographic":false}