{"cameraMode":{"drawMode":0,"name":"Shaded","section":"Shading Mode"},"sceneLighting":false,"audioPlay":false,"sceneViewState":{"showFog":false,"showMaterialUpdate":false,"showSkybox":false,"showFlares":false,"showImageEffects":false,"showParticleSystems":false},"in2DMode":false,"pivot":{"x":-9.022710800170899,"y":9.159031867980957,"z":-3.3362925052642824},"rotation":{"x":-0.2860897183418274,"y":0.6225838661193848,"z":-0.26202863454818728,"w":-0.6796562075614929},"size":122.11512756347656,"orthographic":false}