{"cameraMode":{"drawMode":0,"name":"Shaded","section":"Shading Mode"},"sceneLighting":false,"audioPlay":false,"sceneViewState":{"showFog":false,"showMaterialUpdate":false,"showSkybox":false,"showFlares":false,"showImageEffects":false,"showParticleSystems":false},"in2DMode":false,"pivot":{"x":-0.3796965479850769,"y":1.483659029006958,"z":-2.2223808765411379},"rotation":{"x":0.004787118174135685,"y":0.9948728680610657,"z":0.057373058050870898,"w":-0.08347360789775849},"size":6.304356575012207,"orthographic":false}