{"cameraMode":{"drawMode":0,"name":"Shaded","section":"Shading Mode"},"sceneLighting":false,"audioPlay":false,"sceneViewState":{"showFog":false,"showMaterialUpdate":false,"showSkybox":false,"showFlares":false,"showImageEffects":false,"showParticleSystems":false},"in2DMode":false,"pivot":{"x":-0.0635421946644783,"y":0.026787076145410539,"z":4.213434219360352},"rotation":{"x":-0.1763451248407364,"y":0.12834371626377107,"z":-0.023193679749965669,"w":-0.9756786227226257},"size":6.475526332855225,"orthographic":false}