{"cameraMode":{"drawMode":0,"name":"Shaded","section":"Shading Mode"},"sceneLighting":false,"audioPlay":false,"sceneViewState":{"showFog":false,"showMaterialUpdate":false,"showSkybox":false,"showFlares":false,"showImageEffects":false,"showParticleSystems":false},"in2DMode":false,"pivot":{"x":2.5199999809265138,"y":1.1510000228881837,"z":2.5400009155273439},"rotation":{"x":0.06467027962207794,"y":-0.05386652052402496,"z":0.003511349903419614,"w":0.9964694380760193},"size":6.82346248626709,"orthographic":false}