{"cameraMode":{"drawMode":0,"name":"Shaded","section":"Shading Mode"},"sceneLighting":false,"audioPlay":false,"sceneViewState":{"showFog":false,"showMaterialUpdate":false,"showSkybox":false,"showFlares":false,"showImageEffects":false,"showParticleSystems":false},"in2DMode":false,"pivot":{"x":9.420905113220215,"y":0.7780560851097107,"z":-4.69494104385376},"rotation":{"x":0.08021729439496994,"y":0.8975057005882263,"z":-0.18315719068050385,"w":0.3930758833885193},"size":22.39742088317871,"orthographic":false}