{"cameraMode":{"drawMode":0,"name":"Shaded","section":"Shading Mode"},"sceneLighting":false,"audioPlay":false,"sceneViewState":{"showFog":false,"showMaterialUpdate":false,"showSkybox":false,"showFlares":false,"showImageEffects":false,"showParticleSystems":false},"in2DMode":false,"pivot":{"x":-0.024408705532550813,"y":1.099123239517212,"z":1.3377074003219605},"rotation":{"x":-0.007509628776460886,"y":-0.9802704453468323,"z":0.19393138587474824,"w":-0.03828344866633415},"size":1.5903904438018799,"orthographic":false}