{"cameraMode":{"drawMode":0,"name":"Shaded","section":"Shading Mode"},"sceneLighting":true,"audioPlay":false,"sceneViewState":{"showFog":false,"showMaterialUpdate":false,"showSkybox":false,"showFlares":false,"showImageEffects":false,"showParticleSystems":false},"in2DMode":false,"pivot":{"x":1.8235960006713868,"y":1.2220172882080079,"z":1.088939905166626},"rotation":{"x":-0.22468383610248567,"y":-0.5207715034484863,"z":0.144300639629364,"w":-0.8108624815940857},"size":7.105082988739014,"orthographic":false}