{"cameraMode":{"drawMode":0,"name":"Shaded","section":"Shading Mode"},"sceneLighting":false,"audioPlay":false,"sceneViewState":{"showFog":false,"showMaterialUpdate":false,"showSkybox":false,"showFlares":false,"showImageEffects":false,"showParticleSystems":false},"in2DMode":false,"pivot":{"x":-0.3060776889324188,"y":0.22662431001663209,"z":0.11588048934936524},"rotation":{"x":-0.2253240942955017,"y":0.5482224822044373,"z":-0.15634217858314515,"w":-0.790095865726471},"size":2.5067665576934816,"orthographic":false}