{"cameraMode":{"drawMode":0,"name":"Shaded","section":"Shading Mode"},"sceneLighting":false,"audioPlay":false,"sceneViewState":{"showFog":false,"showMaterialUpdate":false,"showSkybox":false,"showFlares":false,"showImageEffects":false,"showParticleSystems":false},"in2DMode":false,"pivot":{"x":4.926872253417969,"y":1.1364493370056153,"z":0.11225026845932007},"rotation":{"x":-0.060175780206918719,"y":0.45859137177467348,"z":-0.031144985929131509,"w":-0.8860641717910767},"size":1.5902411937713624,"orthographic":false}