{"cameraMode":{"drawMode":0,"name":"Shaded","section":"Shading Mode"},"sceneLighting":false,"audioPlay":false,"sceneViewState":{"showFog":false,"showMaterialUpdate":false,"showSkybox":false,"showFlares":false,"showImageEffects":false,"showParticleSystems":false},"in2DMode":false,"pivot":{"x":0.24417948722839356,"y":-1.1849784851074219,"z":-0.8577327728271484},"rotation":{"x":-0.35919177532196047,"y":0.1232246607542038,"z":-0.04790927469730377,"w":-0.9238593578338623},"size":13.024231910705567,"orthographic":false}