{"cameraMode":{"drawMode":0,"name":"Shaded","section":"Shading Mode"},"sceneLighting":false,"audioPlay":false,"sceneViewState":{"showFog":false,"showMaterialUpdate":false,"showSkybox":false,"showFlares":false,"showImageEffects":false,"showParticleSystems":false},"in2DMode":false,"pivot":{"x":0.008021093904972077,"y":0.8036344647407532,"z":-1.3016893863677979},"rotation":{"x":0.003473232965916395,"y":-0.995065450668335,"z":0.03764142841100693,"w":0.09191105514764786},"size":3.41404390335083,"orthographic":false}