{"cameraMode":{"drawMode":0,"name":"Shaded","section":"Shading Mode"},"sceneLighting":false,"audioPlay":false,"sceneViewState":{"showFog":false,"showMaterialUpdate":false,"showSkybox":false,"showFlares":false,"showImageEffects":false,"showParticleSystems":false},"in2DMode":false,"pivot":{"x":-1.773821234703064,"y":-0.6048368215560913,"z":0.3003251552581787},"rotation":{"x":-0.19122131168842317,"y":0.686183512210846,"z":-0.19457383453845979,"w":-0.6743450164794922},"size":5.489770412445068,"orthographic":false}