{"cameraMode":{"drawMode":0,"name":"Shaded","section":"Shading Mode"},"sceneLighting":false,"audioPlay":false,"sceneViewState":{"showFog":false,"showMaterialUpdate":false,"showSkybox":false,"showFlares":false,"showImageEffects":false,"showParticleSystems":false},"in2DMode":false,"pivot":{"x":8.07790756225586,"y":0.7217884063720703,"z":4.281555652618408},"rotation":{"x":0.00005204022454563528,"y":-0.999930739402771,"z":0.006897404789924622,"w":0.012616167776286602},"size":1.484805703163147,"orthographic":false}