{"cameraMode":{"drawMode":0,"name":"Shaded","section":"Shading Mode"},"sceneLighting":false,"audioPlay":false,"sceneViewState":{"showFog":false,"showMaterialUpdate":false,"showSkybox":false,"showFlares":false,"showImageEffects":false,"showParticleSystems":false},"in2DMode":false,"pivot":{"x":-0.12057340145111084,"y":-1.0741353034973145,"z":-0.03847254440188408},"rotation":{"x":-0.4235263764858246,"y":0.5598914623260498,"z":-0.404645174741745,"w":-0.5860254168510437},"size":2.7209959030151369,"orthographic":false}