{"cameraMode":{"drawMode":0,"name":"Shaded","section":"Shading Mode"},"sceneLighting":false,"audioPlay":false,"sceneViewState":{"showFog":false,"showMaterialUpdate":false,"showSkybox":false,"showFlares":false,"showImageEffects":false,"showParticleSystems":false},"in2DMode":false,"pivot":{"x":272.7166442871094,"y":13.521036148071289,"z":-547.4869995117188},"rotation":{"x":-0.025141557678580285,"y":0.959316611289978,"z":-0.0903286561369896,"w":-0.26641640067100527},"size":1042.8023681640625,"orthographic":false}