{"cameraMode":{"drawMode":0,"name":"Shaded","section":"Shading Mode"},"sceneLighting":false,"audioPlay":false,"sceneViewState":{"showFog":false,"showMaterialUpdate":false,"showSkybox":false,"showFlares":false,"showImageEffects":false,"showParticleSystems":false},"in2DMode":false,"pivot":{"x":5.960464477539063e-8,"y":0.05549999326467514,"z":-1.1920928955078126e-7},"rotation":{"x":-0.5192186236381531,"y":0.4805167019367218,"z":-0.5111854672431946,"w":-0.48807647824287417},"size":2.4209959506988527,"orthographic":false}