{"cameraMode":{"drawMode":0,"name":"Shaded","section":"Shading Mode"},"sceneLighting":false,"audioPlay":false,"sceneViewState":{"showFog":false,"showMaterialUpdate":false,"showSkybox":false,"showFlares":false,"showImageEffects":false,"showParticleSystems":false},"in2DMode":false,"pivot":{"x":-0.0667715072631836,"y":0.253098726272583,"z":1.4715969562530518},"rotation":{"x":-0.1604568362236023,"y":-0.5769607424736023,"z":0.11683480441570282,"w":-0.7923085689544678},"size":5.336331844329834,"orthographic":false}