{"cameraMode":{"drawMode":0,"name":"Shaded","section":"Shading Mode"},"sceneLighting":false,"audioPlay":false,"sceneViewState":{"showFog":false,"showMaterialUpdate":false,"showSkybox":false,"showFlares":false,"showImageEffects":false,"showParticleSystems":false},"in2DMode":false,"pivot":{"x":0.8686085343360901,"y":0.10201317071914673,"z":-1.3431614637374879},"rotation":{"x":0.02770855464041233,"y":0.9709485173225403,"z":-0.14019854366779328,"w":0.19207032024860383},"size":3.0018258094787599,"orthographic":false}