{"cameraMode":{"drawMode":0,"name":"Shaded","section":"Shading Mode"},"sceneLighting":false,"audioPlay":false,"sceneViewState":{"showFog":false,"showMaterialUpdate":false,"showSkybox":false,"showFlares":false,"showImageEffects":false,"showParticleSystems":false},"in2DMode":false,"pivot":{"x":4.814680099487305,"y":1.8056997060775757,"z":-0.7722328305244446},"rotation":{"x":0.0000962806079769507,"y":0.9998610615730286,"z":0.011101565323770047,"w":-0.014393716119229794},"size":4.062277793884277,"orthographic":false}