{"cameraMode":{"drawMode":0,"name":"Shaded","section":"Shading Mode"},"sceneLighting":false,"audioPlay":false,"sceneViewState":{"showFog":false,"showMaterialUpdate":false,"showSkybox":false,"showFlares":false,"showImageEffects":false,"showParticleSystems":false},"in2DMode":false,"pivot":{"x":-0.2501382827758789,"y":3.449376106262207,"z":-1.7369074821472169},"rotation":{"x":-0.06310617923736572,"y":0.6507874131202698,"z":-0.0543779656291008,"w":-0.754710853099823},"size":8.80489444732666,"orthographic":false}