{"cameraMode":{"drawMode":0,"name":"Shaded","section":"Shading Mode"},"sceneLighting":false,"audioPlay":false,"sceneViewState":{"showFog":false,"showMaterialUpdate":false,"showSkybox":false,"showFlares":false,"showImageEffects":false,"showParticleSystems":false},"in2DMode":false,"pivot":{"x":3.934248447418213,"y":2.041517734527588,"z":33.99394989013672},"rotation":{"x":-0.02963539958000183,"y":0.0584360733628273,"z":0.001741801737807691,"w":0.9978606700897217},"size":35.2443733215332,"orthographic":false}