{"cameraMode":{"drawMode":0,"name":"Shaded","section":"Shading Mode"},"sceneLighting":false,"audioPlay":false,"sceneViewState":{"showFog":false,"showMaterialUpdate":false,"showSkybox":false,"showFlares":false,"showImageEffects":false,"showParticleSystems":false},"in2DMode":false,"pivot":{"x":0.00415000319480896,"y":0.3198000192642212,"z":0.003049999475479126},"rotation":{"x":-0.001827421598136425,"y":0.9654300212860107,"z":-0.006651250179857016,"w":-0.2606615126132965},"size":2.4059932231903078,"orthographic":false}