{"cameraMode":{"drawMode":0,"name":"Shaded","section":"Shading Mode"},"sceneLighting":false,"audioPlay":false,"sceneViewState":{"showFog":false,"showMaterialUpdate":false,"showSkybox":false,"showFlares":false,"showImageEffects":false,"showParticleSystems":false},"in2DMode":false,"pivot":{"x":3.908916473388672,"y":-1.0200080871582032,"z":-9.050078392028809},"rotation":{"x":-0.022158868610858918,"y":-0.9758021831512451,"z":0.18241988122463227,"w":-0.1185464933514595},"size":18.979721069335939,"orthographic":false}