{"cameraMode":{"drawMode":0,"name":"Shaded","section":"Shading Mode"},"sceneLighting":false,"audioPlay":false,"sceneViewState":{"showFog":false,"showMaterialUpdate":false,"showSkybox":false,"showFlares":false,"showImageEffects":false,"showParticleSystems":false},"in2DMode":false,"pivot":{"x":-1526.9837646484375,"y":-821.8538818359375,"z":296.2666320800781},"rotation":{"x":-0.2676081955432892,"y":-0.36317071318626406,"z":0.10969367623329163,"w":-0.8857415318489075},"size":3.6151046752929689,"orthographic":false}