{"cameraMode":{"drawMode":0,"name":"Shaded","section":"Shading Mode"},"sceneLighting":false,"audioPlay":false,"sceneViewState":{"showFog":false,"showMaterialUpdate":false,"showSkybox":false,"showFlares":false,"showImageEffects":false,"showParticleSystems":false},"in2DMode":false,"pivot":{"x":-5.282290935516357,"y":6.02651834487915,"z":-13.971680641174317},"rotation":{"x":0.0647558942437172,"y":-0.016470249742269517,"z":0.0010729595087468625,"w":0.9977766871452332},"size":44.582862854003909,"orthographic":false}