{"cameraMode":{"drawMode":0,"name":"Shaded","section":"Shading Mode"},"sceneLighting":false,"audioPlay":false,"sceneViewState":{"showFog":false,"showMaterialUpdate":false,"showSkybox":false,"showFlares":false,"showImageEffects":false,"showParticleSystems":false},"in2DMode":false,"pivot":{"x":4.753233909606934,"y":0.5403093099594116,"z":1.3903112411499024},"rotation":{"x":-0.16908659040927888,"y":0.5412024259567261,"z":-0.11213687807321549,"w":-0.816050112247467},"size":4.8902411460876469,"orthographic":false}