{"cameraMode":{"drawMode":0,"name":"Shaded","section":"Shading Mode"},"sceneLighting":false,"audioPlay":false,"sceneViewState":{"showFog":false,"showMaterialUpdate":false,"showSkybox":false,"showFlares":false,"showImageEffects":false,"showParticleSystems":false},"in2DMode":false,"pivot":{"x":-1.9880927801132203,"y":0.015981972217559816,"z":-0.960223376750946},"rotation":{"x":-0.0465264730155468,"y":0.830776035785675,"z":-0.07019484043121338,"w":-0.5502575635910034},"size":3.6851940155029299,"orthographic":false}