{"cameraMode":{"drawMode":0,"name":"Shaded","section":"Shading Mode"},"sceneLighting":true,"audioPlay":false,"sceneViewState":{"showFog":true,"showMaterialUpdate":false,"showSkybox":true,"showFlares":true,"showImageEffects":true,"showParticleSystems":true},"in2DMode":false,"pivot":{"x":13.864310264587403,"y":15.704092979431153,"z":-42.6361083984375},"rotation":{"x":-0.0022116501349955799,"y":-0.9515116810798645,"z":-0.00684162275865674,"w":0.30753254890441897},"size":11.411661148071289,"orthographic":false}